INSERT INTO public.employee (employee_id, employee_name, email, username, password, created_on, created_by, modified_on, modified_by, assigned_projects) VALUES (1, 'Luis Gimenez', 'menez@menez.com', 'menez', '$2a$10$1if5PYM8Q9AoezYvf6VDKeBNYo7Eo0/qv0818ooHAotXilgP7e9ay', '2021-12-16 13:06:49.728706', null, '2021-12-16 13:06:49.729679', null, null);
INSERT INTO public.employee (employee_id, employee_name, email, username, password, created_on, created_by, modified_on, modified_by, assigned_projects) VALUES (2, 'Kiwi Husky', 'kiwi@menez.com', 'kiwi', '$2a$10$7R7kRBAaLzCUCaE4hVzdIuGIX6KOKkAXwe2xveW9.Az6fvGsiySsK', '2021-12-16 13:11:27.645556', null, '2021-12-16 13:11:27.646555', null, null);
INSERT INTO public.employee (employee_id, employee_name, email, username, password, created_on, created_by, modified_on, modified_by, assigned_projects) VALUES (3, 'Thomas Baker', 'tbaker@menez.com', 'tbaker', '$2a$10$xDDhdPEb3IT5TCVHj0X8IOx8fsZEfYia8jz50b.yLUGPGvsbXsSs.', '2021-12-16 13:12:42.630723', null, '2021-12-16 13:12:42.630723', null, null);
INSERT INTO public.employee (employee_id, employee_name, email, username, password, created_on, created_by, modified_on, modified_by, assigned_projects) VALUES (4, 'Bob Johnson', 'bjohnson@menez.com', 'bjohnson', '$2a$10$FldzE/.XqSnQKD8CYus88ew9uw1cEL6qgdVROsP.n4qQX8HeFeun2', '2021-12-16 13:13:33.600880', null, '2021-12-16 13:13:33.600880', null, null);

INSERT INTO public.employee_roles (employee_id, role_id) VALUES (1, 1);
INSERT INTO public.employee_roles (employee_id, role_id) VALUES (1, 4);
INSERT INTO public.employee_roles (employee_id, role_id) VALUES (2, 1);
INSERT INTO public.employee_roles (employee_id, role_id) VALUES (2, 3);
INSERT INTO public.employee_roles (employee_id, role_id) VALUES (3, 1);
INSERT INTO public.employee_roles (employee_id, role_id) VALUES (3, 2);
INSERT INTO public.employee_roles (employee_id, role_id) VALUES (4, 1);

INSERT INTO public.project (project_id, project_name, start_date, target_end_date, actual_end_date, created_on, created_by, modified_on, modified_by) VALUES (1, 'Menez Project', '2021-12-09', '2021-12-03', '2021-12-06', '2021-12-16 13:30:22.428413', 'menez', '2021-12-16 13:30:22.429432', 'menez');
INSERT INTO public.project (project_id, project_name, start_date, target_end_date, actual_end_date, created_on, created_by, modified_on, modified_by) VALUES (2, 'Internal Infrastructure', '2021-08-09', '2021-10-03', '2021-11-12', '2021-12-16 13:34:11.310378', 'kiwi', '2021-12-16 13:34:11.310378', 'menez');
INSERT INTO public.project (project_id, project_name, start_date, target_end_date, actual_end_date, created_on, created_by, modified_on, modified_by) VALUES (3, 'New Payroll Rollout', '2021-04-09', '2021-06-03', '2021-07-19', '2021-12-16 13:34:56.333510', 'tbaker', '2021-12-16 13:34:56.333510', 'kiwi');
INSERT INTO public.project (project_id, project_name, start_date, target_end_date, actual_end_date, created_on, created_by, modified_on, modified_by) VALUES (4, 'Email Integration', '2021-02-09', '2021-02-03', '2021-04-19', '2021-12-16 13:36:10.829642', 'bjohnson', '2021-12-16 13:36:10.829642', 'tbaker');

INSERT INTO public.issue (issue_id, issue_summary, issue_description, identified_date, status, priority, target_resolution_date, progress, actual_resolution_date, resolution_summary, created_on, created_by, modified_on, modified_by, assigned_to_employee_id, identified_by_employee_id, related_project_id) VALUES (1, 'Need better definition of terms like work group, department, blah blah', 'got to update definitions', '2021-02-08', 'open', 'low', '2021-02-16', '3866771', null, '', '2021-12-16 13:42:31.957545', 'menez', '2021-12-16 13:42:31.957545', null, 1, 1, 4);
INSERT INTO public.issue (issue_id, issue_summary, issue_description, identified_date, status, priority, target_resolution_date, progress, actual_resolution_date, resolution_summary, created_on, created_by, modified_on, modified_by, assigned_to_employee_id, identified_by_employee_id, related_project_id) VALUES (2, 'Population specification error (non-sampling error) This error occurs when the researcher does not understand who they should survey', 'some specification edit this', '2021-02-18', 'closed', 'medium', '2021-03-20', '3866774', '2021-03-19', 'worked hard', '2021-12-16 13:46:43.324543', 'bjohnson', '2021-12-16 13:46:43.324543', null, 2, 2, 3);
INSERT INTO public.issue (issue_id, issue_summary, issue_description, identified_date, status, priority, target_resolution_date, progress, actual_resolution_date, resolution_summary, created_on, created_by, modified_on, modified_by, assigned_to_employee_id, identified_by_employee_id, related_project_id) VALUES (3, 'Sampling errors are statistical errors that arise when a sample does not represent the whole population. Increasing the sample size can reduce the errors.', 'something just we', '2021-04-10', 'open', 'high', '2021-04-20', '3866777', '2021-04-19', 'ok now', '2021-12-16 13:47:40.629585', 'bjohnson', '2021-12-16 13:47:40.629585', null, 3, 3, 2);
INSERT INTO public.issue (issue_id, issue_summary, issue_description, identified_date, status, priority, target_resolution_date, progress, actual_resolution_date, resolution_summary, created_on, created_by, modified_on, modified_by, assigned_to_employee_id, identified_by_employee_id, related_project_id) VALUES (4, 'Quarterly Issues Programs List for Station WXYZ .', 'ok dude here gwe go', '2021-04-10', 'closed', 'high', '2021-04-20', '3866781', '2021-05-19', 'jkus edit later', '2021-12-16 13:48:56.925635', 'tbaker', '2021-12-16 13:48:56.925635', null, 4, 4, 1);
INSERT INTO public.issue (issue_id, issue_summary, issue_description, identified_date, status, priority, target_resolution_date, progress, actual_resolution_date, resolution_summary, created_on, created_by, modified_on, modified_by, assigned_to_employee_id, identified_by_employee_id, related_project_id) VALUES (5, 'Edit this issue with the form.', 'something here too', '2021-08-10', 'closed', 'high', '2021-08-20', '3866790', '2021-08-19', 'summary hjere', '2021-12-16 13:49:59.177471', 'tbaker', '2021-12-16 13:49:59.177471', null, null, null, null);